Date,Open,High,Low,Close,Volume
06/06/2004 00:00,384,384.8,382.8,384.1,272
13/06/2004 00:00,384.3,395.8,381.1,394.3,9692
20/06/2004 00:00,394.3,402.8,392.1,401.1,8509
27/06/2004 00:00,401.8,404.6,390.3,397.8,9682
04/07/2004 00:00,397.8,408.6,388.5,407.1,3507
11/07/2004 00:00,407.3,408.3,399.6,406.1,6227
18/07/2004 00:00,405.5,407.5,386.5,389.3,8279
25/07/2004 00:00,389.3,393.1,384.5,390.5,13575
01/08/2004 00:00,390.3,400.3,388.1,398.8,11955
08/08/2004 00:00,399.1,400.6,391.8,398.1,8836
15/08/2004 00:00,398.3,413.8,397.6,412.2,6438
22/08/2004 00:00,411.8,411.8,400.8,402.3,11214
29/08/2004 00:00,402.3,410.8,398.6,399.8,6689
05/09/2004 00:00,400.6,402.3,394.3,402.3,9470
12/09/2004 00:00,401.1,406.6,398.1,405,11576
19/09/2004 00:00,404.8,411.6,402.8,407.1,10078
26/09/2004 00:00,407.3,419.3,406.6,419,12630
03/10/2004 00:00,418.3,423.3,411.3,422.3,6942
10/10/2004 00:00,422.5,422.6,409.1,418.3,5509
17/10/2004 00:00,418.1,425.8,414.3,423.7,5724
24/10/2004 00:00,426,430.2,420.3,428.1,6326
31/10/2004 00:00,429.6,433.6,416.8,433.1,6481
07/11/2004 00:00,433.6,438.5,430.7,437.3,5903
14/11/2004 00:00,438.3,447.8,434.8,446.6,8203
21/11/2004 00:00,446.3,454.8,445.5,451.3,3526
28/11/2004 00:00,451.3,456.3,446.6,448.3,5187
05/12/2004 00:00,455.1,455.8,431.5,433.7,10304
12/12/2004 00:00,434.3,442.3,434.1,441,6067
19/12/2004 00:00,441.3,443.6,438.3,441.8,3003
26/12/2004 00:00,442.6,445.1,433.1,437,3970
02/01/2005 00:00,437.1,437.3,416.5,418.6,6861
09/01/2005 00:00,419.1,427.3,418.3,422.6,8541
16/01/2005 00:00,421.8,427.8,419.6,426.7,6582
23/01/2005 00:00,426.5,427.6,420.3,426.5,8359
30/01/2005 00:00,425.5,425.5,413.3,414.2,9038
06/02/2005 00:00,413.8,421.6,409.8,420.3,9469
13/02/2005 00:00,420.5,428.1,420.5,426.8,9953
20/02/2005 00:00,430.1,436.3,429.8,434.8,8002
27/02/2005 00:00,434.6,437.7,428.3,433.8,9004
06/03/2005 00:00,433.8,446.6,431.8,444.3,5338
13/03/2005 00:00,444.8,444.8,435.5,438.8,4675
20/03/2005 00:00,439.2,439.2,423.5,423.8,5063
27/03/2005 00:00,424.3,428.5,423.1,425.1,6399
03/04/2005 00:00,425.1,428,421.8,426.1,7607
10/04/2005 00:00,425.8,429.6,421.7,423.8,8335
17/04/2005 00:00,424,435.2,422.8,433.7,7461
24/04/2005 00:00,433.7,437.2,429.8,434,7943
01/05/2005 00:00,433.8,434.1,423.2,425.3,8558
08/05/2005 00:00,425.3,428,418.2,419.3,10833
15/05/2005 00:00,419.8,422.8,416.3,417.1,7774
22/05/2005 00:00,417.2,419.8,415.3,419.6,6824
29/05/2005 00:00,417.1,424.3,413.3,421.8,3111
05/06/2005 00:00,422.3,427.8,420.6,426.6,3849
12/06/2005 00:00,425.8,438.8,423.5,437.1,4139
19/06/2005 00:00,437,443.2,433.6,439.3,3975
26/06/2005 00:00,439.3,439.8,426.3,426.8,3520
03/07/2005 00:00,427.2,428.3,421.3,422.6,2783
10/07/2005 00:00,423.3,427.3,417.8,421.1,3828
17/07/2005 00:00,421.3,426.5,418.5,424.5,2978
24/07/2005 00:00,424.7,430.3,421.5,429.3,3850
31/07/2005 00:00,429.2,438.8,428.6,436.8,4805
07/08/2005 00:00,436.7,449.1,432.6,445.7,4292
14/08/2005 00:00,445.7,446.5,435.6,435.8,4318
21/08/2005 00:00,436.1,440.3,435.3,437.2,3935
28/08/2005 00:00,438.1,446.8,429,443.8,3852
04/09/2005 00:00,444.2,449.3,442.3,448.3,4234
11/09/2005 00:00,449.8,459.8,444.5,459.3,6640
18/09/2005 00:00,458.8,475,458.2,462.8,6365
25/09/2005 00:00,462.2,474.1,457.6,468.8,5932
02/10/2005 00:00,467.3,475.6,462.8,474.3,5327
09/10/2005 00:00,473.8,480,465.3,469.2,6602
16/10/2005 00:00,469,475,459.5,466.3,5660
23/10/2005 00:00,465.6,475.5,462.8,472.1,5432
30/10/2005 00:00,472.3,472.8,454.8,456.3,5412
06/11/2005 00:00,456.7,469.6,455.8,468.2,4952
13/11/2005 00:00,468.7,488.6,466.1,484.8,6556
20/11/2005 00:00,484.8,495,484.3,491.6,3279
27/11/2005 00:00,498.1,506.3,490.3,502.8,4775
04/12/2005 00:00,503.8,530.2,503.5,525.7,5994
11/12/2005 00:00,528.2,540.5,492.8,502.7,8550
18/12/2005 00:00,501.3,508.8,489.3,502.3,6582
25/12/2005 00:00,505.8,517.6,504.8,514.6,3781
01/01/2006 00:00,516.8,539.7,516.3,539.2,5455
08/01/2006 00:00,539.2,557.2,535,556.7,9556
15/01/2006 00:00,558.2,567.6,540.2,554,9799
22/01/2006 00:00,551.5,566.1,549,559,7151
29/01/2006 00:00,557.7,574.7,557.5,568.2,6271
05/02/2006 00:00,568.2,573.2,544.7,550.5,7867
12/02/2006 00:00,548.6,554,534.6,551.6,6907
19/02/2006 00:00,552.2,559.5,547,558.5,3611
26/02/2006 00:00,558.5,570.7,551.7,564.7,4181
05/03/2006 00:00,566.1,568,533.7,540.5,4463
12/03/2006 00:00,540,557.1,538.2,553.6,3759
19/03/2006 00:00,554.2,560.7,544.7,559.6,3366
26/03/2006 00:00,559.5,589.1,558.2,583.5,4981
02/04/2006 00:00,572.2,597.7,572.2,588.3,4663
09/04/2006 00:00,588.3,603.7,588,596,4013
16/04/2006 00:00,605.5,645.2,603.2,633.5,6432
23/04/2006 00:00,638.5,655.5,618.2,653.7,5611
30/04/2006 00:00,654.1,684.2,650.7,683.2,7043
07/05/2006 00:00,680.7,729.7,670.5,714.2,7600
14/05/2006 00:00,712.7,719.7,650.6,657.2,16307
21/05/2006 00:00,655.1,674.5,635.6,651.2,10315
28/05/2006 00:00,651.5,664.6,618.7,637.7,8165
04/06/2006 00:00,638.5,645.1,600.6,607.1,15115
11/06/2006 00:00,604.7,611.2,542.5,580.6,14154
18/06/2006 00:00,579,594.7,560.7,583,7805
25/06/2006 00:00,584,616,576.7,615.2,5604
02/07/2006 00:00,617,637,614.1,628.7,3372
09/07/2006 00:00,628.5,667.2,620.2,663.6,5542
16/07/2006 00:00,670.1,676,615.7,619.2,6529
23/07/2006 00:00,618.1,640.2,602.1,634.2,5131
30/07/2006 00:00,637,655.5,629,646,4754
06/08/2006 00:00,646,654.6,626.2,632,4736
13/08/2006 00:00,628.7,632.7,607,614.2,4654
20/08/2006 00:00,614.7,630,613.2,622,4582
27/08/2006 00:00,623,627.5,607.2,624.7,4509
03/09/2006 00:00,628.7,640.2,606.2,610.2,6089
10/09/2006 00:00,608.7,608.7,570.2,578.7,16051
17/09/2006 00:00,582.2,592.2,571.7,589.1,16964
24/09/2006 00:00,588.6,606.5,581.7,597.7,9242
01/10/2006 00:00,598.2,603.6,559.2,573.2,18276
08/10/2006 00:00,574.6,589.7,568.7,589.6,13045
15/10/2006 00:00,592.7,602,585.7,591.1,11641
22/10/2006 00:00,590.5,599.7,572.2,599.2,14831
29/10/2006 00:00,598.2,629,597.6,626.9,15986
05/11/2006 00:00,628.2,636.2,612.7,628.2,19249
12/11/2006 00:00,628.2,632.2,614.2,621.2,17763
19/11/2006 00:00,620.7,634.2,619.7,627.9,8039
26/11/2006 00:00,640.5,649.6,632.5,645,12725
03/12/2006 00:00,647,648.2,622.7,624.6,16158
10/12/2006 00:00,625,630.7,614.1,614.7,11522
17/12/2006 00:00,615.6,624.2,611.1,619.2,9991
24/12/2006 00:00,624.5,636.2,623.2,636.2,5380
31/12/2006 00:00,638.2,644.7,601.5,606.7,11150
07/01/2007 00:00,608.2,627.2,603.2,626.5,14964
14/01/2007 00:00,625.6,636.2,619.7,634.7,11437
21/01/2007 00:00,635.2,654.2,631.6,645.5,14043
28/01/2007 00:00,647.1,661,640.7,647.2,12321
04/02/2007 00:00,648.6,668.6,645.7,666.2,11928
11/02/2007 00:00,666.6,671.5,659.6,668.5,17784
18/02/2007 00:00,667.7,688,655.3,682,15719
25/02/2007 00:00,683.3,688.1,639.1,642,26389
04/03/2007 00:00,643.2,657.7,632.5,648.7,24171
11/03/2007 00:00,650.1,655.1,636.5,652.7,17966
18/03/2007 00:00,653.7,666.3,651.7,656.9,15701
25/03/2007 00:00,657.2,669,655,663.2,16450
01/04/2007 00:00,664.5,675.3,655.9,673.9,17725
08/04/2007 00:00,670.6,685.4,670.3,684.6,18398
15/04/2007 00:00,686.6,693.2,678.7,691.3,20276
22/04/2007 00:00,692.8,693.3,670.4,680.9,21086
29/04/2007 00:00,681,690.2,667.2,688.3,16463
06/05/2007 00:00,688.5,690.4,664,670.5,18240
13/05/2007 00:00,671.1,674.7,653.3,661.2,18826
20/05/2007 00:00,662.8,664.9,651.5,655.5,12415
27/05/2007 00:00,655.2,671.3,651.6,671.2,12253
03/06/2007 00:00,670.9,673.6,643.6,648.2,16539
10/06/2007 00:00,649.1,655.5,642.7,654.8,14928
17/06/2007 00:00,656,661.8,647.5,653.6,15259
24/06/2007 00:00,653.5,653.7,639.8,649.1,15578
01/07/2007 00:00,650.1,658.3,645,655.3,12599
08/07/2007 00:00,656,668.8,653.3,666.4,19584
15/07/2007 00:00,666.8,686.4,662.3,682.7,17885
22/07/2007 00:00,683.2,687.5,656.5,660.6,21877
29/07/2007 00:00,660.8,675.1,658.8,672.5,18662
05/08/2007 00:00,673.3,676.4,657.7,672.4,20647
12/08/2007 00:00,671.8,671.8,641.6,657.2,25748
19/08/2007 00:00,656,668.6,652.7,668,24300
26/08/2007 00:00,667.7,674.5,660.7,672.8,20535
02/09/2007 00:00,672.5,706.6,671,700.2,20156
09/09/2007 00:00,699.6,717,698.7,707,26674
16/09/2007 00:00,706.6,739.1,706.6,730.8,35416
23/09/2007 00:00,729.9,745.4,721.6,742.9,28515
30/09/2007 00:00,743.7,747.4,720.3,742.2,28105
07/10/2007 00:00,740.6,753.4,726.3,749.3,32530
14/10/2007 00:00,747.3,771.4,747.3,764.8,42464
21/10/2007 00:00,766.4,785.5,745,784.7,35019
28/10/2007 00:00,788.4,807.6,776.5,806.3,46875
04/11/2007 00:00,804.2,845.4,800.6,831.6,64292
11/11/2007 00:00,829.1,831.2,782.2,785.7,65915
18/11/2007 00:00,790,825.2,772.5,823.3,30848
25/11/2007 00:00,824.8,836.6,778.7,782.7,58657
02/12/2007 00:00,784.6,806.5,776.8,794.4,50392
09/12/2007 00:00,795.2,816.9,787.4,794.4,46786
16/12/2007 00:00,795.1,812,784.8,811.2,34518
23/12/2007 00:00,810.4,839.4,807.9,839.1,8664
30/12/2007 00:00,841.1,869,828.5,859.2,31177
06/01/2008 00:00,861.5,897.8,854.8,894.9,60607
13/01/2008 00:00,896.9,914,869.8,882.7,67883
20/01/2008 00:00,881.9,923.3,849.6,913.5,59960
27/01/2008 00:00,916.3,936.7,903.5,905,54923
03/02/2008 00:00,909.7,922.4,883.9,922.1,48066
10/02/2008 00:00,922.9,926.7,895.8,902,48055
17/02/2008 00:00,904,953.4,899.9,944.7,46540
24/02/2008 00:00,946.5,975.8,926,973.5,47662
02/03/2008 00:00,976.1,992.5,956.1,972.5,54693
09/03/2008 00:00,973.6,1006.7,960.6,1002.5,47755
16/03/2008 00:00,1017,1032.2,904.4,917.6,38217
23/03/2008 00:00,914,954.7,906.1,931.2,36792
30/03/2008 00:00,928.2,940.5,871.8,913.4,43887
06/04/2008 00:00,915.5,939.3,902.7,924.7,35149
13/04/2008 00:00,920.1,952.4,904.4,916.2,30155
20/04/2008 00:00,917.6,928.4,877.5,885.8,32017
27/04/2008 00:00,887.1,895.4,844.9,855.9,37110
04/05/2008 00:00,861.6,889.3,860.2,884.3,30660
11/05/2008 00:00,885.1,904.4,859.6,902.1,35014
18/05/2008 00:00,905.1,934.9,900.5,924.5,29977
25/05/2008 00:00,923.9,930.5,870.4,886.3,28540
01/06/2008 00:00,886.8,901.9,864.6,901.8,32994
08/06/2008 00:00,903.4,908.8,857.1,868.8,30335
15/06/2008 00:00,872,908.3,866.3,901.6,33999
22/06/2008 00:00,903.6,930.4,873.2,927.3,34472
29/06/2008 00:00,929.3,946.2,918.2,933.6,32994
06/07/2008 00:00,932,967.4,912.4,963.7,42404
13/07/2008 00:00,963.7,988,949.5,954.5,47342
20/07/2008 00:00,956.1,975.7,916.5,929.1,36461
27/07/2008 00:00,928.1,932.9,893.6,910.3,35099
03/08/2008 00:00,912.7,915.1,850.5,856.2,42810
10/08/2008 00:00,861.3,865.6,772.6,787.1,53143
17/08/2008 00:00,793.1,838.8,781.9,822.7,43048
24/08/2008 00:00,822.1,843.7,806.6,830.7,41059
31/08/2008 00:00,833.8,835.1,789.1,803.3,41027
07/09/2008 00:00,812.3,817.8,735.9,764.9,48023
14/09/2008 00:00,778.6,909.7,764.2,872.8,54178
21/09/2008 00:00,878.5,911.2,861.7,877.8,55401
28/09/2008 00:00,871.5,923.9,819,835.3,68987
05/10/2008 00:00,829,931.1,825.4,849.6,56296
12/10/2008 00:00,862.5,871.9,772.4,782.8,51104
19/10/2008 00:00,786.1,809.7,681.4,733.2,68061
26/10/2008 00:00,736.7,777.2,706.6,723.7,57169
02/11/2008 00:00,728.2,767.5,721.4,735.8,57616
09/11/2008 00:00,750.6,767.9,699.7,741.2,63046
16/11/2008 00:00,739.4,801.3,730.6,800,65227
23/11/2008 00:00,801.7,830.5,785.9,816,47457
30/11/2008 00:00,815.1,815.2,741.1,755.7,81194
07/12/2008 00:00,758.4,834.3,758.3,821.3,56369
14/12/2008 00:00,827.8,881.5,822.1,837.5,65842
21/12/2008 00:00,839.7,871.1,829.9,867,43117
28/12/2008 00:00,875.1,887.8,855.3,874.6,24215
04/01/2009 00:00,882.6,884,836.3,853,89645
11/01/2009 00:00,852.7,853.6,801.9,841.7,67615
18/01/2009 00:00,840.6,902.7,823.2,898.7,75377
25/01/2009 00:00,896.4,929.2,874.2,926.5,84000
01/02/2009 00:00,923.7,924.8,888.9,910.7,53187
08/02/2009 00:00,906.3,952.2,890.4,941,56925
15/02/2009 00:00,940.6,1005.9,935.7,992.1,29837
22/02/2009 00:00,995.2,997.7,927.5,941.6,57976
01/03/2009 00:00,947.5,957.9,899.5,938.6,121707
08/03/2009 00:00,937.4,940.3,890.8,929,118356
15/03/2009 00:00,925.1,966.7,883,951.4,141233
22/03/2009 00:00,950.6,956.7,916.1,922.4,105604
29/03/2009 00:00,923.8,932.6,890.3,892.4,124407
05/04/2009 00:00,892.3,893.6,865.1,881.15,120347
12/04/2009 00:00,883.95,899.73,864.78,868.25,225884
19/04/2009 00:00,868.51,913.73,864.54,912.5,173890
26/04/2009 00:00,915.6,918.1,880.03,886.05,139150
03/05/2009 00:00,886.7,925.28,885.1,915.9,143694
10/05/2009 00:00,915.65,933.98,908.36,931.15,93694
17/05/2009 00:00,930.97,960.92,915.82,956.95,105771
24/05/2009 00:00,956.88,980.02,941.11,978.57,109287
31/05/2009 00:00,976.74,989.63,952.4,954.79,174866
07/06/2009 00:00,954.39,965.02,936.23,938.8,126424
14/06/2009 00:00,935.4,941.65,925.23,933.48,90734
21/06/2009 00:00,933.65,948.15,912.88,939.1,148417
28/06/2009 00:00,936.28,945.68,923.54,931.5,108197
05/07/2009 00:00,929.75,931.33,904.78,912.58,88011
12/07/2009 00:00,913.77,941.78,907.73,936.95,89739
19/07/2009 00:00,938.33,957.15,937.95,950.92,125688
26/07/2009 00:00,949.62,958.68,925.48,953.5,149432
02/08/2009 00:00,952.97,971.46,951,954.45,193694
09/08/2009 00:00,953.95,960.36,939.88,948.05,180218
16/08/2009 00:00,947.59,957.65,930.08,953.24,146791
23/08/2009 00:00,953.28,961.39,939.66,954.42,175663
30/08/2009 00:00,955.92,997.16,944.43,993.37,180835
06/09/2009 00:00,994.25,1011.57,982.57,1004.71,174407
13/09/2009 00:00,1006.86,1023.87,992.12,1007.13,180240
20/09/2009 00:00,1003.16,1019.67,985,990.6,228822
27/09/2009 00:00,994.37,1009.57,984.99,1002.37,173319
04/10/2009 00:00,1003.03,1061.35,1000.85,1048.8,189245
11/10/2009 00:00,1052.29,1070.58,1043.16,1053.15,269576
18/10/2009 00:00,1054.72,1067.75,1047.66,1055.07,296966
25/10/2009 00:00,1052.59,1059.54,1026.4,1044.96,273943
01/11/2009 00:00,1044.12,1100.94,1042.84,1094.72,225468
08/11/2009 00:00,1096.22,1122.7,1095.49,1118.29,260515
15/11/2009 00:00,1124.11,1152.78,1122.98,1150.2,263191
22/11/2009 00:00,1159.16,1194.95,1137.58,1177.28,179428
29/11/2009 00:00,1169.2,1226.37,1147.32,1160.82,181514
06/12/2009 00:00,1156.87,1168.47,1109.36,1115.05,206175
13/12/2009 00:00,1113.48,1141.51,1094.71,1112.98,178739
20/12/2009 00:00,1114.13,1117.9,1074.48,1105.15,119910
27/12/2009 00:00,1108.24,1113.4,1085.99,1097.51,176211
03/01/2010 00:00,1094.61,1140.65,1093.08,1138.25,109373
10/01/2010 00:00,1153.6,1161.63,1118.82,1130.9,363925
17/01/2010 00:00,1132.54,1141.3,1082.15,1092.76,372489
24/01/2010 00:00,1094.72,1103.89,1074.01,1080.67,403541
31/01/2010 00:00,1082.66,1124.8,1044.46,1065.95,420746
07/02/2010 00:00,1065.28,1097.64,1061.65,1093.05,403701
14/02/2010 00:00,1096.54,1126.83,1091.45,1118.99,362017
21/02/2010 00:00,1124.85,1130.75,1088.1,1117.3,243601
28/02/2010 00:00,1117.83,1144.62,1112.05,1134.55,233276
07/03/2010 00:00,1134.85,1137.5,1098.45,1101.49,199575
14/03/2010 00:00,1104.22,1132.97,1101.24,1106.64,246798
21/03/2010 00:00,1105.62,1109.13,1085.05,1107.1,309414
28/03/2010 00:00,1110.18,1127.69,1101.56,1122.18,268338
04/04/2010 00:00,1125.39,1164.37,1122.45,1161.54,275425
11/04/2010 00:00,1167.03,1169.44,1129.89,1137.11,288402
18/04/2010 00:00,1134.76,1157.56,1123.78,1157.37,223526
25/04/2010 00:00,1157.77,1181.41,1146.35,1178.72,278071
02/05/2010 00:00,1177.78,1213.13,1157.62,1207.87,343607
09/05/2010 00:00,1200.43,1249.12,1184.06,1232.46,303711
16/05/2010 00:00,1232.97,1242.06,1166.34,1176.81,383971
23/05/2010 00:00,1180.82,1218.26,1179.35,1214.05,305511
30/05/2010 00:00,1214.05,1228.62,1196.8,1219.58,291309
06/06/2010 00:00,1219.81,1251.69,1210.52,1226.25,343560
13/06/2010 00:00,1230.32,1262.08,1216.54,1256.58,137634
20/06/2010 00:00,1259.55,1265.02,1224.56,1255.45,131780
27/06/2010 00:00,1254.3,1262.5,1196.35,1211.33,162324
04/07/2010 00:00,1210.93,1214.28,1184.78,1211.54,127298
11/07/2010 00:00,1211.08,1217.75,1186,1192.68,131179
18/07/2010 00:00,1192.55,1203.75,1175.66,1188.82,144146
25/07/2010 00:00,1189.2,1194.53,1157,1180.55,118449
01/08/2010 00:00,1181.13,1210.74,1174.53,1204.98,118756
08/08/2010 00:00,1205.3,1217.38,1190.58,1215.2,119875
15/08/2010 00:00,1214.7,1237.25,1214.05,1227.58,107115
22/08/2010 00:00,1227.55,1243.94,1210.71,1237.8,123420
29/08/2010 00:00,1237.2,1254.48,1231.79,1246.34,116823
05/09/2010 00:00,1248.15,1262.05,1236.5,1245.75,96392
12/09/2010 00:00,1244.93,1282.58,1241.01,1273.93,125710
19/09/2010 00:00,1276.9,1299.66,1270.93,1296.18,236898
26/09/2010 00:00,1295.61,1320.44,1282.75,1318.72,277645
03/10/2010 00:00,1319.82,1349.6,1312.27,1347.21,273179
10/10/2010 00:00,1353.13,1387.03,1340.13,1368.17,377192
17/10/2010 00:00,1367.83,1374.76,1315.14,1328.18,391892
24/10/2010 00:00,1331.66,1359.3,1318.8,1359,187780
31/10/2010 00:00,1361.2,1397.95,1325.55,1393.25,150830
07/11/2010 00:00,1397.7,1424.3,1382.6,1412,120325
14/11/2010 00:00,1373.08,1376.6,1329.5,1353.15,204624
21/11/2010 00:00,1358.3,1382.18,1348.35,1363.1,147281
28/11/2010 00:00,1358.15,1415.45,1353.2,1413.4,151477
05/12/2010 00:00,1410.17,1430.88,1371.38,1385.7,176724
12/12/2010 00:00,1403.5,1407.8,1361.19,1374.85,112107
19/12/2010 00:00,1382.61,1391.84,1372.18,1383,245074
26/12/2010 00:00,1376.82,1414.48,1376.32,1408.13,164101
02/01/2011 00:00,1415.71,1423.77,1352.79,1368.78,226389
09/01/2011 00:00,1369.34,1393,1354.95,1361.78,274637
16/01/2011 00:00,1363.49,1378.77,1337.61,1342.35,411096
23/01/2011 00:00,1345.82,1353.08,1307.88,1336.31,400307
30/01/2011 00:00,1344.47,1357.87,1322.96,1348.65,453110
06/02/2011 00:00,1346.52,1368,1344.99,1356.63,398661
13/02/2011 00:00,1354.1,1391.65,1354.1,1389.79,207262
20/02/2011 00:00,1391.4,1417.94,1390.63,1410.15,401527
27/02/2011 00:00,1413.85,1440.01,1404.67,1430.64,440554
06/03/2011 00:00,1434.65,1444.48,1402.87,1417.2,448063
13/03/2011 00:00,1425.68,1430.23,1380.88,1418.16,438978
20/03/2011 00:00,1424.28,1447.4,1419.32,1429.32,75996
27/03/2011 00:00,1424.9,1439.3,1410.08,1428.35,91965
03/04/2011 00:00,1428.45,1474.83,1427.6,1474.53,81889
10/04/2011 00:00,1475.2,1487.85,1445.63,1486.35,101667
17/04/2011 00:00,1485.3,1507.95,1477.3,1504.95,20645
24/04/2011 00:00,1516.23,1569,1493.15,1563.3,61996
01/05/2011 00:00,1547.25,1575.13,1462.35,1495,162783
08/05/2011 00:00,1494.25,1526.37,1478.08,1494.6,117209
15/05/2011 00:00,1490.5,1515.65,1471.68,1512.85,111923
22/05/2011 00:00,1512.15,1538.15,1503.8,1535.96,122946
29/05/2011 00:00,1535.95,1549.88,1519.55,1542.15,71119
05/06/2011 00:00,1541.9,1553.43,1525.9,1531.12,91346
12/06/2011 00:00,1528.83,1541.9,1510.83,1539.38,127136
19/06/2011 00:00,1539.7,1557.86,1498.37,1502.29,176035
26/06/2011 00:00,1498.7,1513.97,1478.05,1487.25,353801
03/07/2011 00:00,1494.85,1545.2,1492.85,1543.75,267850
10/07/2011 00:00,1542.46,1594.07,1540.43,1592.79,374562
17/07/2011 00:00,1593.55,1609.75,1495.75,1600.85,303474
24/07/2011 00:00,1608.45,1632.35,1603,1626.27,349513
31/07/2011 00:00,1610.2,1681.8,1607.88,1665.12,292013
07/08/2011 00:00,1684.1,1813.77,1682.3,1742.98,328222
14/08/2011 00:00,1744.97,1876.66,1727.67,1851.51,252943
21/08/2011 00:00,1865.66,1911.63,1702.55,1825.27,403830
28/08/2011 00:00,1832.26,1884.33,1775.74,1881.92,303766
04/09/2011 00:00,1880.85,1920.61,1792.41,1857.02,306417
11/09/2011 00:00,1857.46,1861.28,1762.44,1808.8,314723
18/09/2011 00:00,1818.58,1827.68,1628.82,1653.92,326126
25/09/2011 00:00,1647.36,1677,1531.94,1623.68,383369
02/10/2011 00:00,1623.68,1678.35,1595.65,1636.48,301312
09/10/2011 00:00,1638.97,1692.03,1638.83,1680.62,253227
16/10/2011 00:00,1682.44,1694.79,1603.52,1641.77,282435
23/10/2011 00:00,1638.8,1752.22,1635.28,1743.07,262892
30/10/2011 00:00,1741.49,1767.41,1680.97,1754.18,257841
06/11/2011 00:00,1753,1802.79,1735.47,1787.98,252729
13/11/2011 00:00,1787.96,1796.01,1710.32,1723.6,267684
20/11/2011 00:00,1722.09,1726.23,1666.33,1682.33,254860
27/11/2011 00:00,1687.71,1763.03,1686.84,1745.82,262122
04/12/2011 00:00,1750.16,1755.87,1701.95,1710.48,279033
11/12/2011 00:00,1713.53,1714.48,1560.08,1598.64,327841
18/12/2011 00:00,1601.92,1641.61,1583.25,1606.56,237501
25/12/2011 00:00,1605.06,1605.43,1522.64,1564.11,176621
01/01/2012 00:00,1567.37,1631.14,1566.07,1616.55,237381
08/01/2012 00:00,1614.34,1661.98,1605.03,1638.21,291566
15/01/2012 00:00,1635.47,1670.05,1631.45,1666.81,272775
22/01/2012 00:00,1666.22,1739.73,1648.99,1738.65,262566
29/01/2012 00:00,1735.59,1763.16,1716.16,1725.37,301808
05/02/2012 00:00,1728.59,1752.59,1704.64,1721.39,277246
12/02/2012 00:00,1727.96,1737.27,1705.23,1722.87,263639
19/02/2012 00:00,1727.67,1787.26,1727.67,1772.05,229807
26/02/2012 00:00,1773.98,1790.56,1685.96,1711.38,214837
04/03/2012 00:00,1711.98,1716.7,1662.86,1713.69,271872
11/03/2012 00:00,1713.4,1713.55,1634.44,1659.31,271415
18/03/2012 00:00,1660.42,1669.72,1628.08,1661.26,274294
25/03/2012 00:00,1664.21,1696.95,1645.19,1666.95,461848
01/04/2012 00:00,1671.34,1683.46,1612.39,1630.65,581355
08/04/2012 00:00,1644.61,1679.85,1631.8,1655.57,645034
15/04/2012 00:00,1653.14,1657.69,1631.09,1642.56,646872
22/04/2012 00:00,1639.87,1667.44,1623.21,1662.37,651715
29/04/2012 00:00,1664.05,1671.45,1626.43,1641.17,598107
06/05/2012 00:00,1639.73,1642.6,1574.42,1579.11,703740
13/05/2012 00:00,1582.16,1597.59,1526.96,1592.18,780039
20/05/2012 00:00,1592.76,1599.13,1533.14,1572.56,714779
27/05/2012 00:00,1575.45,1629.53,1533.21,1623.04,699108
03/06/2012 00:00,1623.78,1640.63,1560.99,1592.32,844546
10/06/2012 00:00,1600.94,1633.63,1581.74,1623.99,547056
17/06/2012 00:00,1623.08,1633.18,1558.1,1571.29,604640
24/06/2012 00:00,1572.36,1606.79,1547.9,1596.56,539329
01/07/2012 00:00,1597.61,1624.93,1576.39,1582.5,482787
08/07/2012 00:00,1579.15,1601.17,1554.94,1588.72,495207
15/07/2012 00:00,1590.57,1598.93,1567.7,1583.53,543449
22/07/2012 00:00,1580.48,1629.38,1563.16,1622.35,559559
29/07/2012 00:00,1624.04,1627.89,1583.83,1602.24,506431
05/08/2012 00:00,1601.38,1626.39,1600.74,1619.48,473942
12/08/2012 00:00,1620.09,1625.6,1589.2,1614.76,454063
19/08/2012 00:00,1617.42,1674.81,1609.75,1669.44,447892
26/08/2012 00:00,1671.38,1692.78,1645.91,1690.8,433041
02/09/2012 00:00,1689.15,1741.75,1685.35,1735.7,512709
09/09/2012 00:00,1734.91,1777.72,1715.46,1770.35,729253
16/09/2012 00:00,1775.13,1787.39,1751.84,1773.03,774228
23/09/2012 00:00,1771.81,1783.24,1736.63,1771.68,784439
30/09/2012 00:00,1769.47,1795.87,1763.33,1780.29,755255
07/10/2012 00:00,1777.25,1779.7,1752.06,1754.19,677089
14/10/2012 00:00,1751.86,1753.46,1715.52,1721.75,676261
21/10/2012 00:00,1718.34,1730.03,1698.5,1710.89,749080
28/10/2012 00:00,1711.77,1726.98,1674.43,1677.42,621960
04/11/2012 00:00,1677.93,1738.77,1672.63,1730.84,824178
11/11/2012 00:00,1733.65,1737.96,1704.68,1713.57,746807
18/11/2012 00:00,1714.57,1754.28,1714.29,1751.13,576742
25/11/2012 00:00,1750.35,1752.19,1705.59,1714.13,753404
02/12/2012 00:00,1714.96,1722.51,1684.01,1703.59,770968
09/12/2012 00:00,1703.68,1723.27,1689.39,1695.38,703558
16/12/2012 00:00,1699.48,1703.07,1635.44,1657.04,728779
23/12/2012 00:00,1657.22,1667.89,1651.81,1655.16,301702
30/12/2012 00:00,1656.02,1694.77,1625.8,1655.75,510683
06/01/2013 00:00,1658.6,1678.77,1642.67,1662.71,674013
13/01/2013 00:00,1661.58,1696.1,1659.88,1683.31,635285
20/01/2013 00:00,1688.48,1695.99,1655.87,1658.91,569845
27/01/2013 00:00,1659.66,1683.74,1651.89,1667.11,642659
03/02/2013 00:00,1668.8,1684.97,1661.48,1666.97,677875
10/02/2013 00:00,1667.36,1669.54,1597.87,1609.23,740590
17/02/2013 00:00,1609.22,1618.79,1555.04,1580.46,1000600
24/02/2013 00:00,1580.91,1620.1,1564.81,1576.23,1104052
03/03/2013 00:00,1580.2,1586.51,1561.41,1578.55,832786
10/03/2013 00:00,1578.6,1599.35,1575.5,1591.95,597593
17/03/2013 00:00,1604.62,1616.84,1591.67,1608.42,604279
24/03/2013 00:00,1608.32,1613.79,1589.65,1596.1,478195
31/03/2013 00:00,1600.84,1603.92,1540.12,1580.79,706749
07/04/2013 00:00,1582.24,1590.38,1481.75,1482.33,795318
14/04/2013 00:00,1482.82,1495.57,1321.54,1403.53,1934970
21/04/2013 00:00,1405.88,1485.21,1403.6,1461.01,1177277
28/04/2013 00:00,1466.69,1488.08,1440.41,1470.45,1001764
05/05/2013 00:00,1470.21,1478.85,1419.74,1447.39,986105
12/05/2013 00:00,1445.98,1446.74,1355.26,1358.89,1295846
19/05/2013 00:00,1364.59,1414.31,1337.95,1385.79,1539640
26/05/2013 00:00,1387.9,1421.9,1373.69,1387.64,868449
02/06/2013 00:00,1389.5,1423.89,1377.78,1381.96,1088597
09/06/2013 00:00,1379.18,1394.88,1365.29,1390.25,977634
16/06/2013 00:00,1389.19,1391.93,1269.43,1295.57,1247245
23/06/2013 00:00,1298.87,1301.51,1180.17,1234.86,1639897
30/06/2013 00:00,1235.51,1267.47,1208.14,1222.92,1031976
07/07/2013 00:00,1223.59,1298.83,1215.65,1285.31,1073021
14/07/2013 00:00,1288.52,1300.55,1270.27,1295.75,899659
21/07/2013 00:00,1296.7,1346.68,1296.42,1333.06,887668
28/07/2013 00:00,1333.38,1339.07,1283.1,1312.43,925425
04/08/2013 00:00,1312.02,1320.72,1272.8,1314.24,777138
11/08/2013 00:00,1317.59,1379.57,1315.89,1376.56,1077600
18/08/2013 00:00,1378.68,1400.01,1352.35,1397.68,1059232
25/08/2013 00:00,1398.85,1433.73,1389.45,1394.81,1048300
01/09/2013 00:00,1391.41,1416.35,1359.91,1391.13,869805
08/09/2013 00:00,1389.9,1391.95,1304.91,1326.15,797691
15/09/2013 00:00,1329.26,1375.08,1291.79,1325.65,1051437
22/09/2013 00:00,1325.71,1344.09,1305.8,1336.46,1101770
29/09/2013 00:00,1347.77,1347.77,1277.81,1310.51,1008152
06/10/2013 00:00,1313.89,1330.09,1262.13,1272.08,1269269
13/10/2013 00:00,1273.8,1327.19,1251.67,1316.08,521404
20/10/2013 00:00,1315.07,1355.8,1310.19,1350.44,336030
27/10/2013 00:00,1352.65,1361.77,1306.15,1315.85,365247
03/11/2013 00:00,1314.57,1326.34,1281.07,1287.8,322673
10/11/2013 00:00,1288.43,1294.25,1261.33,1287.97,342155
17/11/2013 00:00,1288.78,1289.54,1236.71,1243.15,346533
24/11/2013 00:00,1237.81,1257.87,1226.77,1252.92,265296
01/12/2013 00:00,1249.5,1251.49,1211.71,1228.61,376937
08/12/2013 00:00,1231.01,1267.76,1220.54,1238.41,368317
15/12/2013 00:00,1237.69,1251.86,1187.14,1202.93,397099
22/12/2013 00:00,1203.57,1219.02,1192.65,1213.13,158874
29/12/2013 00:00,1215.12,1240.14,1182.42,1236.05,238678
05/01/2014 00:00,1237.32,1248.84,1214.21,1247.78,338795
12/01/2014 00:00,1250.1,1255.19,1234.21,1253.75,285569
19/01/2014 00:00,1257.35,1272.48,1231.48,1269.22,277988
26/01/2014 00:00,1270.5,1278.93,1238,1243.85,316833
02/02/2014 00:00,1243.65,1274.27,1240.76,1267.35,292250
09/02/2014 00:00,1269.36,1321.1,1265.1,1318.14,322355
16/02/2014 00:00,1320.16,1331.99,1307.28,1324.09,316337
23/02/2014 00:00,1324.66,1345.32,1318.76,1326.21,325574
02/03/2014 00:00,1335.44,1354.66,1327.97,1340.17,341817
09/03/2014 00:00,1338.85,1387.9,1328.07,1382.27,344058
16/03/2014 00:00,1388.3,1388.91,1320.48,1333.55,350289
23/03/2014 00:00,1330.15,1334.19,1285.68,1294.83,305795
30/03/2014 00:00,1293.58,1306.68,1277.63,1303.9,290146
06/04/2014 00:00,1302.75,1324.42,1295.55,1318.16,291113
13/04/2014 00:00,1322.41,1331.04,1284.61,1294.74,259541
20/04/2014 00:00,1294.38,1305,1268.41,1302.55,306518
27/04/2014 00:00,1304.11,1306.4,1273.21,1300.05,297878
04/05/2014 00:00,1301.12,1315.55,1284.91,1288.62,309455
11/05/2014 00:00,1288.65,1308.92,1277.58,1293.28,312432
18/05/2014 00:00,1290.95,1305.34,1283.26,1292.13,298555
25/05/2014 00:00,1291.9,1294.07,1242.15,1249.23,273557
01/06/2014 00:00,1249.56,1257.68,1240.56,1253.04,273930
08/06/2014 00:00,1251.96,1277.81,1250.31,1276.63,252978
15/06/2014 00:00,1277.84,1321.88,1258.54,1314.9,313132
22/06/2014 00:00,1314.38,1325.88,1306.17,1315.88,273386
29/06/2014 00:00,1315.92,1332.26,1309.25,1319.6,246299
06/07/2014 00:00,1319.7,1345.05,1311.41,1337.83,246703
13/07/2014 00:00,1338.97,1338.97,1291.97,1310.34,286520
20/07/2014 00:00,1309.86,1318.23,1287.51,1307.03,222418
27/07/2014 00:00,1305.59,1312.04,1279.37,1292.9,244030
03/08/2014 00:00,1293.13,1322.53,1282.38,1310.35,295694
10/08/2014 00:00,1309.02,1319.19,1292.41,1304.4,303900
17/08/2014 00:00,1301.74,1303.47,1272.61,1279.8,245310
24/08/2014 00:00,1278.17,1296.3,1273.52,1286.66,252225
31/08/2014 00:00,1287.47,1289.71,1257.12,1268.65,268529
07/09/2014 00:00,1269.21,1271.63,1225.7,1229.12,351012
14/09/2014 00:00,1228.94,1241.89,1213.64,1215.33,332211
21/09/2014 00:00,1215.83,1234.99,1206.77,1217.49,330564
28/09/2014 00:00,1217.89,1223.12,1189.82,1191.77,325692
05/10/2014 00:00,1187.27,1233.19,1182.77,1222.75,318550
12/10/2014 00:00,1227.15,1249.51,1221.7,1238.31,396086
19/10/2014 00:00,1237.21,1255.13,1226.14,1230.09,250342
26/10/2014 00:00,1228.38,1235.39,1161.42,1171.52,320802
02/11/2014 00:00,1167.31,1178.58,1131.44,1176.24,380485
09/11/2014 00:00,1174.45,1193.45,1145.95,1188.33,387959
16/11/2014 00:00,1184.7,1207.63,1174.94,1201.13,440039
23/11/2014 00:00,1201.54,1204.08,1165.06,1165.88,290475
30/11/2014 00:00,1158.49,1220.8,1141.74,1191.87,436858
07/12/2014 00:00,1187.34,1238.25,1186.96,1222.36,619929
14/12/2014 00:00,1221.51,1224.03,1183.4,1195.19,432703
21/12/2014 00:00,1194.02,1203.21,1170.48,1195.13,186762
28/12/2014 00:00,1196.12,1210.69,1167.33,1188.82,342894
04/01/2015 00:00,1187.73,1223.91,1178,1222.36,395289
11/01/2015 00:00,1223.9,1282.01,1217.4,1280.04,491485
18/01/2015 00:00,1278.61,1307.53,1271.89,1293.76,341997
25/01/2015 00:00,1294.62,1299,1251.88,1283.56,434442
01/02/2015 00:00,1280.42,1285.55,1228.21,1233.12,456925
08/02/2015 00:00,1237.11,1245.82,1216.41,1228.99,326423
15/02/2015 00:00,1228.34,1236.59,1197.42,1201.66,317940
22/02/2015 00:00,1202.87,1219.84,1190.3,1212.78,335105
01/03/2015 00:00,1213.85,1223.18,1163.81,1167.13,359660
08/03/2015 00:00,1168.52,1175.29,1147.42,1158.18,315706
15/03/2015 00:00,1156.68,1187.88,1142.7,1182.22,399222
22/03/2015 00:00,1185.8,1219.57,1179.23,1198.09,322501
29/03/2015 00:00,1197.39,1208.51,1178.29,1199.64,264810
05/04/2015 00:00,1215.64,1224.13,1192.52,1207.24,301364
12/04/2015 00:00,1207.15,1209.41,1183.87,1204.27,417999
19/04/2015 00:00,1205.29,1209.02,1175.14,1179.24,357610
26/04/2015 00:00,1179.54,1214.96,1169.66,1178.4,413088
03/05/2015 00:00,1179.89,1199.86,1177.65,1188.38,334154
10/05/2015 00:00,1188.64,1227.08,1178.83,1223.78,377360
17/05/2015 00:00,1223.74,1232.22,1201.36,1206.26,344759
24/05/2015 00:00,1204.88,1209.15,1180.3,1190.42,293236
31/05/2015 00:00,1190.47,1204.2,1162.63,1171.52,342064
07/06/2015 00:00,1169.98,1192.23,1169.05,1181.47,318253
14/06/2015 00:00,1182.17,1205.68,1172.73,1200.19,314631
21/06/2015 00:00,1200.69,1200.88,1168.5,1175.18,279269
28/06/2015 00:00,1186.25,1187.9,1155.98,1168.58,347626
05/07/2015 00:00,1172,1174.67,1147.13,1163.59,388080
12/07/2015 00:00,1162.73,1164.13,1131.06,1134.23,303448
19/07/2015 00:00,1132.56,1133.1,1069.72,1099.08,451938
26/07/2015 00:00,1095.58,1104.93,1079.98,1095.48,410097
02/08/2015 00:00,1095.72,1099.43,1080.94,1094.17,425587
09/08/2015 00:00,1093.04,1126.71,1089.58,1114.82,485748
16/08/2015 00:00,1114.7,1168.16,1109.63,1160.54,489932
23/08/2015 00:00,1164.32,1170.01,1117.68,1134.02,689780
30/08/2015 00:00,1133.77,1147.85,1116.72,1122.33,454698
06/09/2015 00:00,1122.99,1126.67,1098.71,1107.68,395260
13/09/2015 00:00,1107.44,1141.68,1102.15,1139.04,412894
20/09/2015 00:00,1139.11,1156.65,1121.28,1145.56,439778
27/09/2015 00:00,1145.33,1148.14,1104.59,1138.72,493808
04/10/2015 00:00,1136.78,1159.61,1130.06,1156.53,443877
11/10/2015 00:00,1155.83,1191.44,1151.74,1177.14,458079
18/10/2015 00:00,1176.54,1180.67,1158.88,1164.37,473196
25/10/2015 00:00,1162.9,1182.86,1139.23,1141.74,507937
01/11/2015 00:00,1141.45,1142.94,1085.39,1088.62,486667
08/11/2015 00:00,1090.33,1095.59,1074.08,1083.54,463312
15/11/2015 00:00,1088.11,1098.01,1064.64,1077.98,555102
22/11/2015 00:00,1076.15,1081.01,1052.67,1058.04,425045
29/11/2015 00:00,1058.29,1088.78,1046.23,1086.76,551404
06/12/2015 00:00,1084.82,1086.55,1062.36,1074.66,628425
13/12/2015 00:00,1073.72,1078.27,1047.58,1065.85,552809
20/12/2015 00:00,1066.16,1081.71,1063.91,1076.05,320787
27/12/2015 00:00,1075.86,1076.86,1058.13,1060.81,308976
03/01/2016 00:00,1064.88,1113.12,1061.66,1103.85,760045
10/01/2016 00:00,1107.4,1108.42,1071.33,1088.72,744431
17/01/2016 00:00,1090.14,1109.56,1082.45,1097.78,810985
24/01/2016 00:00,1097.73,1127.94,1097.13,1117.99,675873
31/01/2016 00:00,1115.86,1174.4,1115.86,1173.06,839185
07/02/2016 00:00,1168.46,1263.34,1164.23,1238.13,917990
14/02/2016 00:00,1232,1239.84,1190.8,1227.29,749920
21/02/2016 00:00,1224.92,1253.24,1201.83,1223.32,652071
28/02/2016 00:00,1218.98,1279.71,1217.23,1258.78,704209
06/03/2016 00:00,1259.79,1283.36,1236.99,1249.23,608337
13/03/2016 00:00,1251.44,1270.84,1225.6,1255.04,532490
20/03/2016 00:00,1254.55,1260.12,1211.95,1217.12,337797
27/03/2016 00:00,1214.3,1243.99,1208.15,1222.16,368533
03/04/2016 00:00,1220.3,1243.19,1214.56,1240.49,388292
10/04/2016 00:00,1244.78,1262.54,1223.77,1233.73,417183
17/04/2016 00:00,1234.66,1270.19,1227.32,1232.73,446472
24/04/2016 00:00,1232.22,1296.62,1229.94,1293.68,408775
01/05/2016 00:00,1292.65,1303.65,1268.79,1288.8,498579
08/05/2016 00:00,1284.19,1287.46,1256.78,1273.3,460099
15/05/2016 00:00,1272.72,1288.62,1243.66,1251.91,473712
22/05/2016 00:00,1250.34,1255.94,1206.67,1211.64,416319
29/05/2016 00:00,1212.93,1244.59,1199.62,1244.51,394959
05/06/2016 00:00,1244,1278.09,1234.72,1274.07,388684
12/06/2016 00:00,1274.69,1315.54,1272.35,1298.55,480456
19/06/2016 00:00,1286.09,1358.25,1250.34,1315.67,551060
26/06/2016 00:00,1326.11,1344.49,1305.4,1342.28,828515
03/07/2016 00:00,1339.61,1375.05,1335.17,1364.93,763780
10/07/2016 00:00,1368.43,1374.83,1320.08,1338.29,912795
17/07/2016 00:00,1334.11,1338.25,1310.77,1322.39,714817
24/07/2016 00:00,1321.77,1354.9,1312.25,1351.11,632776
31/07/2016 00:00,1350.61,1367.21,1334.61,1336.87,590613
07/08/2016 00:00,1332.89,1357.11,1329.77,1336.58,588886
14/08/2016 00:00,1337.13,1357.94,1335.57,1340.92,546349
21/08/2016 00:00,1338.34,1344.58,1317.93,1321.85,551228
28/08/2016 00:00,1319.53,1329.99,1302.41,1324.8,520768
04/09/2016 00:00,1324.73,1352.51,1321.68,1327.83,471662
11/09/2016 00:00,1328.49,1331.88,1306.14,1309.66,577945
18/09/2016 00:00,1309.83,1343.55,1307.78,1338.72,450592
25/09/2016 00:00,1336.59,1342.02,1313.13,1315.89,584061
02/10/2016 00:00,1317.19,1319.52,1241.3,1256.54,593492
09/10/2016 00:00,1257.4,1264.85,1246.03,1250.43,498487
16/10/2016 00:00,1251.17,1274.52,1250.03,1266.79,474286
23/10/2016 00:00,1265.89,1284.07,1260.28,1275.71,463873
30/10/2016 00:00,1277.21,1307.96,1271.11,1304.27,556555
06/11/2016 00:00,1292.27,1337.16,1219.03,1227.24,961222
13/11/2016 00:00,1228.97,1232.96,1202.74,1208.51,783740
20/11/2016 00:00,1207.44,1220.95,1170.11,1183.71,551209
27/11/2016 00:00,1185.72,1197.53,1160.63,1176.87,743138
04/12/2016 00:00,1185.41,1187.93,1156.16,1158.35,655147
11/12/2016 00:00,1158.46,1165.72,1122.62,1134.65,624738
18/12/2016 00:00,1135.79,1142.24,1125.67,1133.39,375397
25/12/2016 00:00,1134.39,1163.15,1131.58,1151.32,276733
01/01/2017 00:00,1151.67,1184.94,1145.95,1172.59,544229
08/01/2017 00:00,1172.87,1206.88,1172.38,1197.33,663332
15/01/2017 00:00,1198.74,1218.77,1195.79,1209.94,636790
22/01/2017 00:00,1210.98,1219.4,1180.48,1191.49,593007
29/01/2017 00:00,1192.87,1225.21,1188.2,1219.95,788698
05/02/2017 00:00,1222.26,1244.64,1219.11,1233.68,697754
12/02/2017 00:00,1230.76,1243.71,1216.64,1234.83,540417
19/02/2017 00:00,1235.66,1260.05,1226.04,1256.98,428372
26/02/2017 00:00,1256.22,1263.79,1222.84,1234.42,489620
05/03/2017 00:00,1233.17,1236.76,1194.91,1204.43,421059
12/03/2017 00:00,1206.11,1233.67,1197.23,1229.25,372382
19/03/2017 00:00,1230.53,1253.22,1226.82,1245.57,387704
26/03/2017 00:00,1248.09,1260.97,1239.61,1248.96,378446
02/04/2017 00:00,1247.94,1270.83,1243.65,1254.3,416599
09/04/2017 00:00,1254.6,1288.54,1247.08,1287.44,338978
16/04/2017 00:00,1291.28,1295.45,1273.98,1284.29,395363
23/04/2017 00:00,1268.39,1278.05,1260,1267.99,384789
30/04/2017 00:00,1268.56,1271.15,1225.68,1227.56,343996
07/05/2017 00:00,1224.98,1236.5,1214.23,1228.48,324616
14/05/2017 00:00,1229.93,1265,1226.9,1255.33,419883
21/05/2017 00:00,1255.04,1269.39,1247.85,1266.94,358260
28/05/2017 00:00,1267.29,1279.4,1258.93,1278.56,279013
04/06/2017 00:00,1279.53,1296.01,1264.57,1266.6,339290
11/06/2017 00:00,1266.5,1280.85,1251.36,1253.38,356432
18/06/2017 00:00,1253.34,1258.8,1240.78,1256.61,300307
25/06/2017 00:00,1257.36,1258.03,1236.01,1241.43,376152
02/07/2017 00:00,1242.12,1242.63,1207.26,1212.2,328655
09/07/2017 00:00,1213.48,1232.77,1204.81,1228.81,304634
16/07/2017 00:00,1229.55,1255.63,1228.19,1254.7,317275
23/07/2017 00:00,1255.3,1270.76,1243.69,1268.91,413985
30/07/2017 00:00,1270.54,1274.04,1254.12,1258.73,346799
06/08/2017 00:00,1257.14,1291.93,1251.44,1290.41,391935
13/08/2017 00:00,1289.31,1300.74,1267.23,1284.62,410886
20/08/2017 00:00,1282.99,1294.52,1276.37,1291.47,348840
27/08/2017 00:00,1292.48,1328.76,1291.78,1324.59,441089
03/09/2017 00:00,1335.18,1357.42,1326.22,1346.48,450042
10/09/2017 00:00,1338.93,1339.96,1315.6,1320.29,462364
17/09/2017 00:00,1318.33,1319.59,1288.08,1296.89,371878
24/09/2017 00:00,1295.97,1313.56,1275.92,1279.37,393310
01/10/2017 00:00,1278.95,1282.12,1260.54,1276.17,303724
08/10/2017 00:00,1275.91,1303.64,1275.16,1303.3,461870
15/10/2017 00:00,1303.33,1305.91,1276.45,1280.11,799771
22/10/2017 00:00,1277.23,1283.51,1263.62,1273.43,861106
29/10/2017 00:00,1273.28,1283.96,1265.37,1270.03,779981
05/11/2017 00:00,1269.42,1288.31,1265.98,1275.6,848846
12/11/2017 00:00,1274.95,1296.77,1269.8,1294.11,847540
19/11/2017 00:00,1293.14,1294.62,1274.46,1288.27,709539
26/11/2017 00:00,1288.1,1299.08,1270.22,1279.88,896040
03/12/2017 00:00,1273.95,1277.02,1243.6,1248.04,841636
10/12/2017 00:00,1247.73,1261.72,1236.37,1255.33,719002
17/12/2017 00:00,1254.14,1276.02,1252.62,1275.28,601900
24/12/2017 00:00,1278.14,1307.41,1276.92,1302.33,379677
31/12/2017 00:00,1309.81,1325.84,1305.7,1319.9,533028
07/01/2018 00:00,1320.69,1339.21,1307.96,1338.17,786438
14/01/2018 00:00,1336.05,1344.6,1324.14,1331.43,846339
21/01/2018 00:00,1335.05,1365.92,1328.27,1350,967837
28/01/2018 00:00,1351.03,1352.39,1327.43,1332.57,1043356
04/02/2018 00:00,1331.64,1346.08,1307.04,1315.64,1442105
11/02/2018 00:00,1315.38,1361.69,1315.13,1347.43,836956
18/02/2018 00:00,1349.69,1351.34,1320.93,1328.78,655916
25/02/2018 00:00,1329.83,1341,1302.76,1322.12,791029
04/03/2018 00:00,1323.71,1340.37,1312.83,1323.36,934249
11/03/2018 00:00,1322.86,1330.01,1309.6,1313.47,667742
18/03/2018 00:00,1313.14,1350.2,1307.17,1347.51,737504
25/03/2018 00:00,1348.15,1356.84,1321.21,1325.04,600011
01/04/2018 00:00,1325.8,1348.22,1319.5,1332.69,814916
08/04/2018 00:00,1333.49,1365.2,1326.85,1345.07,838708
15/04/2018 00:00,1342.69,1355.67,1334.94,1335.44,737019
22/04/2018 00:00,1334.69,1335.43,1315.26,1322.91,687134
29/04/2018 00:00,1322.78,1324.88,1301.74,1314.6,705708
06/05/2018 00:00,1314.89,1325.9,1304.28,1317.93,698319
13/05/2018 00:00,1318.11,1322.29,1284.93,1292.48,679329
20/05/2018 00:00,1291.52,1307.75,1282,1300.52,710472
27/05/2018 00:00,1299.41,1306.57,1289.34,1293.27,792439
03/06/2018 00:00,1293.04,1303.09,1289.69,1298.6,544329
10/06/2018 00:00,1299.1,1309.28,1275.33,1280.19,540143
17/06/2018 00:00,1279.13,1283.99,1261.29,1269.21,482730
24/06/2018 00:00,1271.37,1272.56,1245.84,1252.74,513968
01/07/2018 00:00,1252.73,1261.07,1237.82,1254.56,439767
08/07/2018 00:00,1255.25,1265.84,1236.3,1241.06,496748
15/07/2018 00:00,1241.27,1245.51,1211.45,1231.59,496421
22/07/2018 00:00,1230.39,1235.18,1217.51,1222.81,526279
29/07/2018 00:00,1223.34,1228.53,1204.4,1213.14,450695
05/08/2018 00:00,1213.61,1217.85,1205.7,1211.38,429765
12/08/2018 00:00,1212.51,1213.8,1160.07,1184.17,387991
19/08/2018 00:00,1183.46,1208.49,1182.6,1205.88,324565
26/08/2018 00:00,1207.2,1214.21,1196.17,1200.78,307606
02/09/2018 00:00,1200.68,1206.95,1189.56,1195.83,369264
09/09/2018 00:00,1196.35,1212.6,1187.66,1193.43,341008
16/09/2018 00:00,1193.67,1211.03,1191.78,1199.1,351376
23/09/2018 00:00,1198.88,1204.12,1180.66,1191.51,321681
30/09/2018 00:00,1191.89,1208.25,1184.51,1202.75,326891
07/10/2018 00:00,1203.18,1226.3,1183.16,1217.76,306294
14/10/2018 00:00,1217.78,1233.22,1217.74,1226.38,296327
21/10/2018 00:00,1228,1243.36,1219.97,1233.53,310104
28/10/2018 00:00,1232.96,1237.33,1211.93,1232.75,316113
04/11/2018 00:00,1233.14,1236.43,1206.65,1209.32,310763
11/11/2018 00:00,1209.41,1225.23,1196.21,1221.2,315120
18/11/2018 00:00,1221.94,1230.03,1217.97,1222.51,246433
25/11/2018 00:00,1223.38,1228.91,1211.15,1221.96,262194
02/12/2018 00:00,1222.91,1249.98,1221.25,1248.41,294598
09/12/2018 00:00,1250.4,1250.49,1232.89,1238,331897
16/12/2018 00:00,1237.33,1266.43,1235.47,1255.38,290796
23/12/2018 00:00,1258.48,1282.1,1257.89,1280.59,172410
30/12/2018 00:00,1279.92,1298.52,1276.54,1284.53,187785
06/01/2019 00:00,1285.34,1297.03,1279.31,1287.39,219681
13/01/2019 00:00,1288.04,1295.79,1280.56,1281.18,191097
20/01/2019 00:00,1282.53,1303.91,1276.7,1302.79,159287
27/01/2019 00:00,1302.27,1326.25,1297.56,1317.71,195232
03/02/2019 00:00,1317.6,1317.89,1302.73,1313.95,154258
10/02/2019 00:00,1313.14,1322.57,1302.34,1321.26,183099
17/02/2019 00:00,1317.36,1346.66,1315.81,1327.56,197552
24/02/2019 00:00,1327.47,1332.51,1290.12,1293.42,196295
03/03/2019 00:00,1295.06,1300.69,1280.77,1298.23,198636
10/03/2019 00:00,1296.85,1311.19,1290.42,1301.92,162381
17/03/2019 00:00,1302.24,1320.35,1298.13,1313.07,185196
24/03/2019 00:00,1312.19,1324.49,1286.66,1292.16,196220
31/03/2019 00:00,1292.15,1296.97,1280.88,1291.49,144067
07/04/2019 00:00,1292.17,1310.53,1289.53,1290.46,165500
14/04/2019 00:00,1291.22,1291.89,1271.09,1275.47,132347
21/04/2019 00:00,1275.72,1288.67,1266.21,1285.95,158188
28/04/2019 00:00,1285.92,1287.23,1266.2,1278.97,187025
05/05/2019 00:00,1282.56,1291.44,1276.93,1285.66,216600
12/05/2019 00:00,1287.13,1303.23,1274.72,1277.48,191895
19/05/2019 00:00,1278.29,1287.27,1269.41,1284.8,163395
26/05/2019 00:00,1285.21,1306.92,1274.95,1305.13,183597
02/06/2019 00:00,1306.59,1348.23,1306.49,1340.24,273504
09/06/2019 00:00,1334.62,1358.12,1319.83,1340.82,251089
16/06/2019 00:00,1341.76,1411.76,1332.93,1398.68,413429
23/06/2019 00:00,1399.87,1439.21,1398.59,1409.91,474906
30/06/2019 00:00,1391.67,1437.73,1381.66,1398.09,383112
07/07/2019 00:00,1399.09,1427.07,1385.69,1414.83,297186
14/07/2019 00:00,1416.52,1452.92,1400.01,1424.96,324522
21/07/2019 00:00,1426.44,1433.73,1411,1418.31,300081
28/07/2019 00:00,1420.75,1447.93,1400.44,1440.32,358716
04/08/2019 00:00,1440.29,1510.33,1436.67,1497.02,533454
11/08/2019 00:00,1496.05,1534.95,1479.77,1512.1,542805
18/08/2019 00:00,1509.43,1530.2,1492.43,1526.25,366785
25/08/2019 00:00,1545.74,1555.21,1516.93,1520.55,500451
01/09/2019 00:00,1529.39,1556.98,1502.47,1506.38,459380
08/09/2019 00:00,1503.51,1524.13,1484.45,1488.55,402379
15/09/2019 00:00,1500.71,1517.01,1482.97,1516.27,352324
22/09/2019 00:00,1512.63,1535.63,1486.79,1496.61,395764
29/09/2019 00:00,1496.25,1519.48,1459.03,1504.5,449106
06/10/2019 00:00,1508.53,1516.98,1473.93,1487.93,514582
13/10/2019 00:00,1486.43,1498.53,1476.96,1489.93,405638
20/10/2019 00:00,1491.65,1517.93,1480.78,1504.16,353224
27/10/2019 00:00,1503.29,1516.09,1481.08,1513.9,367260
03/11/2019 00:00,1512.69,1514.77,1456.12,1458.72,402549
10/11/2019 00:00,1460.22,1474.55,1445.57,1467.37,377394
17/11/2019 00:00,1467.85,1478.75,1456.28,1461.81,371331
24/11/2019 00:00,1460.39,1466.53,1450.02,1463.83,251257
01/12/2019 00:00,1462.43,1484.01,1453.89,1459.53,343446
08/12/2019 00:00,1458.58,1486.69,1458.48,1475.44,348614
15/12/2019 00:00,1474.85,1481.64,1470.38,1477.93,256268
22/12/2019 00:00,1477.96,1515.29,1477.46,1510.63,180705
29/12/2019 00:00,1511.16,1553.43,1510.7,1551.44,259837
05/01/2020 00:00,1575.89,1611.35,1540.2,1561.76,538320
12/01/2020 00:00,1559.55,1561.21,1535.96,1556.83,361530
19/01/2020 00:00,1559,1575.95,1546.3,1570.9,346902
26/01/2020 00:00,1580.71,1590.48,1563.35,1588.83,454810
02/02/2020 00:00,1588.65,1592,1547.38,1570,425095
09/02/2020 00:00,1569.27,1585.01,1561.92,1583.69,353672
16/02/2020 00:00,1581.25,1649.23,1578.85,1643.73,411312
23/02/2020 00:00,1659.37,1689.25,1562.93,1584.7,844162
01/03/2020 00:00,1581.79,1692.09,1575.31,1674.06,728100
08/03/2020 00:00,1695.92,1703.44,1504.62,1529.78,774467
15/03/2020 00:00,1543.04,1562.94,1451.13,1498.64,861612
22/03/2020 00:00,1490.2,1644.37,1485,1622.55,359304
29/03/2020 00:00,1619.97,1632.25,1569.33,1615.7,389849
05/04/2020 00:00,1614.62,1690.43,1608.35,1683.56,379776
12/04/2020 00:00,1677.47,1747.4,1674.98,1682.14,549614
19/04/2020 00:00,1683.02,1738.78,1660.03,1726.41,666507
26/04/2020 00:00,1722.32,1727.59,1670.4,1699.6,645009
03/05/2020 00:00,1698.03,1723.6,1681.14,1702.09,475375
10/05/2020 00:00,1702.38,1751.68,1691.53,1741.85,616666
17/05/2020 00:00,1747.36,1765.08,1717.1,1735.45,643360
24/05/2020 00:00,1732.11,1737.69,1693.62,1730.41,445363
31/05/2020 00:00,1735.4,1745.09,1670.55,1684.3,465207
07/06/2020 00:00,1680.52,1744.63,1677.22,1730.57,491961
14/06/2020 00:00,1730.76,1745.28,1704.11,1742.26,445889
21/06/2020 00:00,1747.68,1779.43,1742.74,1769.57,441284
28/06/2020 00:00,1770.32,1789.08,1757.43,1774.9,314619
05/07/2020 00:00,1773.37,1817.92,1769.86,1798.57,341523
12/07/2020 00:00,1799.11,1815.04,1790.63,1809.68,328959
19/07/2020 00:00,1808.04,1906.5,1805.62,1901.63,515071
26/07/2020 00:00,1902.64,1983.97,1902.54,1975.02,659360
02/08/2020 00:00,1983.53,2074.87,1960.39,2033.15,669732
09/08/2020 00:00,2026.31,2049.85,1862.58,1943.57,817324
16/08/2020 00:00,1944.91,2015.57,1911.26,1938.98,775202
23/08/2020 00:00,1936.69,1976.53,1902.64,1964.34,705580
30/08/2020 00:00,1969.07,1992.29,1916.27,1933.09,570314
06/09/2020 00:00,1932.07,1966.53,1906.54,1940.48,529052
13/09/2020 00:00,1937.74,1973.64,1932.87,1950.42,530702
20/09/2020 00:00,1949.75,1955.62,1848.75,1860.14,777984
27/09/2020 00:00,1862.9,1917.1,1848.93,1900.58,608639
04/10/2020 00:00,1903.47,1930.41,1872.94,1929.87,477161
11/10/2020 00:00,1926.89,1933.18,1882.46,1898.76,455477
18/10/2020 00:00,1899.71,1931.36,1894.29,1901.41,405271
25/10/2020 00:00,1901.37,1911.42,1859.92,1878.37,467051
01/11/2020 00:00,1879.27,1960.29,1873.41,1951.81,580032
08/11/2020 00:00,1957.18,1965.46,1850.52,1889.28,635034
15/11/2020 00:00,1887.89,1899.01,1852.69,1870.9,456753
22/11/2020 00:00,1870.86,1876.14,1774.33,1786.76,411687
29/11/2020 00:00,1789.31,1848.17,1764.38,1838.6,427513
06/12/2020 00:00,1836.86,1875.28,1821.99,1839.91,422287
13/12/2020 00:00,1837.07,1896.19,1818.34,1880.55,426650
20/12/2020 00:00,1882.51,1906.7,1854.99,1879.3,389110
27/12/2020 00:00,1888.4,1900.38,1869.12,1893.43,288354
03/01/2021 00:00,1909.07,1959.29,1828.27,1849.04,610672
10/01/2021 00:00,1854.74,1863.8,1817,1827.65,542639
17/01/2021 00:00,1828.39,1875.01,1810.29,1854.67,575815
24/01/2021 00:00,1858.02,1875.69,1831.35,1847.59,755117
31/01/2021 00:00,1855.57,1871.78,1784.9,1813.4,814822
07/02/2021 00:00,1817.35,1855.31,1807.77,1824.17,600490
14/02/2021 00:00,1824.88,1827.02,1760.64,1783.05,683202
21/02/2021 00:00,1786.78,1816.01,1717.18,1733.84,968129
28/02/2021 00:00,1737.79,1759.89,1687.28,1700.76,955719
07/03/2021 00:00,1706.24,1739.82,1676.82,1726.92,787385
14/03/2021 00:00,1728.56,1755.46,1719.25,1745.14,695664
21/03/2021 00:00,1743.8,1745.43,1721.63,1732.7,605314
28/03/2021 00:00,1731.17,1732.84,1677.86,1729.49,491085
04/04/2021 00:00,1728.66,1758.66,1721.25,1743.46,513577
11/04/2021 00:00,1742.71,1783.79,1723.7,1776.67,542195
18/04/2021 00:00,1775.67,1797.88,1763.53,1776.48,532590
25/04/2021 00:00,1775.48,1789.98,1756.19,1768.97,494178
02/05/2021 00:00,1766.81,1843.3,1766.04,1830.85,521847
09/05/2021 00:00,1833.04,1845.93,1808.77,1842.56,606858
16/05/2021 00:00,1843.52,1890.09,1843.52,1881.74,643808
23/05/2021 00:00,1881.41,1912.74,1872.71,1903.18,629466
30/05/2021 00:00,1903.74,1916.58,1855.5,1891.51,558035
06/06/2021 00:00,1890.19,1903.67,1869.84,1876.16,552311
13/06/2021 00:00,1876.07,1877.62,1760.91,1764.52,647683
20/06/2021 00:00,1768.64,1794.95,1766.4,1781.11,579197
27/06/2021 00:00,1781.24,1795.04,1750.69,1787.33,403970
04/07/2021 00:00,1787.11,1818.33,1784.47,1808.04,394497
11/07/2021 00:00,1807.97,1834.07,1791.65,1811.51,392692
18/07/2021 00:00,1811.29,1824.92,1789.63,1801.93,491730
25/07/2021 00:00,1802.26,1832.62,1792.36,1814.28,441246
01/08/2021 00:00,1814.6,1831.65,1758.65,1763.18,407972
08/08/2021 00:00,1761.08,1779.79,1683.2,1779.7,454624
15/08/2021 00:00,1779.08,1795.46,1770.8,1780.94,422838
22/08/2021 00:00,1781.52,1819.09,1776.44,1817.85,361756
29/08/2021 00:00,1818.18,1833.95,1801.71,1827.59,300668
05/09/2021 00:00,1828.29,1830.24,1782.43,1787.81,298632
12/09/2021 00:00,1787.35,1808.58,1745.24,1753.92,379670
19/09/2021 00:00,1754.22,1787.21,1737.43,1749.72,435999
26/09/2021 00:00,1749.81,1764.28,1721.65,1760.15,493413
03/10/2021 00:00,1760.79,1781.27,1745.95,1757.1,443992
10/10/2021 00:00,1756.97,1800.57,1750.18,1767.42,433860
17/10/2021 00:00,1767.18,1813.79,1760.31,1792.67,498233
24/10/2021 00:00,1792.93,1810.38,1771.98,1782.98,513052
31/10/2021 00:00,1783.36,1818.27,1758.07,1817.84,451828
07/11/2021 00:00,1815.69,1868.61,1812.46,1864.35,439003
14/11/2021 00:00,1866.79,1877.23,1843,1845.7,440565
21/11/2021 00:00,1842.19,1849.15,1778.54,1790.86,467371
28/11/2021 00:00,1788.53,1808.74,1761.97,1783.88,539910
05/12/2021 00:00,1782,1793.15,1770.1,1782.82,428326
12/12/2021 00:00,1782.77,1814.28,1752.34,1797.98,445803
19/12/2021 00:00,1800.31,1810.63,1785,1807.76,318935
26/12/2021 00:00,1805.97,1828.08,1789.47,1827.95,336141
02/01/2022 00:00,1830.63,1831.82,1782.64,1796.3,481942
09/01/2022 00:00,1794.95,1829.18,1790.36,1817.54,472665
16/01/2022 00:00,1817.35,1847.92,1805.79,1834.63,519032
23/01/2022 00:00,1832.9,1853.9,1780.3,1791.58,625250
30/01/2022 00:00,1788.96,1814.88,1785.57,1807.84,497346
06/02/2022 00:00,1808.53,1865.45,1807.84,1858.98,534603
13/02/2022 00:00,1855.86,1902.51,1844.49,1897.34,607854
20/02/2022 00:00,1902.54,1974.52,1878,1888.25,678617
27/02/2022 00:00,1919.79,1970.19,1890.86,1969.74,685253
06/03/2022 00:00,1980.67,2070.3,1958.56,1985.22,781215
13/03/2022 00:00,1979.73,1983.64,1895.01,1920.74,441926
20/03/2022 00:00,1925.11,1966.2,1910.67,1957.24,441165
27/03/2022 00:00,1955.63,1958.52,1890.02,1924.09,565943
03/04/2022 00:00,1924.07,1948.13,1915.15,1946.4,502378
10/04/2022 00:00,1947.6,1981.59,1940,1973.19,437384
17/04/2022 00:00,1972.39,1998.43,1926.68,1931.91,611300
24/04/2022 00:00,1932.72,1934.26,1872.04,1896.42,675482
01/05/2022 00:00,1899.29,1909.77,1850.38,1882.37,611618
08/05/2022 00:00,1883.46,1885.59,1799.06,1811.66,680392
15/05/2022 00:00,1814.33,1849.44,1786.84,1845.71,518168
22/05/2022 00:00,1847.95,1869.67,1840.78,1852.98,398743
29/05/2022 00:00,1852.24,1874.09,1828.5,1851.16,358729
05/06/2022 00:00,1850.56,1876,1825.13,1871.57,394589
12/06/2022 00:00,1878.2,1878.78,1805.17,1840.39,642087
19/06/2022 00:00,1835.91,1847.93,1816.92,1827.42,445501
26/06/2022 00:00,1835.82,1841.03,1784.45,1808.94,480337
03/07/2022 00:00,1811.41,1814.26,1732.25,1742.45,484417
10/07/2022 00:00,1741.09,1745.42,1697.61,1707.32,576836
17/07/2022 00:00,1706.71,1739.31,1680.84,1727.38,514087
24/07/2022 00:00,1726.64,1767.93,1711.52,1766,545254
31/07/2022 00:00,1764.75,1794.95,1754.34,1775.42,528527
07/08/2022 00:00,1771.34,1807.87,1770.82,1801.62,483920
14/08/2022 00:00,1801.9,1802.27,1745.54,1747.28,515230
21/08/2022 00:00,1746.52,1765.5,1727.77,1738.08,534244
28/08/2022 00:00,1735.95,1745.52,1688.8,1712.78,580171
04/09/2022 00:00,1711.56,1729.41,1691.27,1716.85,553933
11/09/2022 00:00,1718.58,1735.13,1654.16,1675.01,600621
18/09/2022 00:00,1675.02,1688.03,1639.75,1644.87,654197
25/09/2022 00:00,1643.9,1675.36,1614.81,1660.79,810027
02/10/2022 00:00,1663.22,1729.49,1659.72,1694.8,683837
09/10/2022 00:00,1696.55,1699.81,1640.19,1644.29,707140
16/10/2022 00:00,1645.84,1668.46,1617.29,1657.33,706198
23/10/2022 00:00,1659.8,1674.93,1638.05,1644.6,765258
30/10/2022 00:00,1642.98,1681.72,1616.72,1680.79,713265
06/11/2022 00:00,1674.4,1772.78,1664.71,1770.15,712846
13/11/2022 00:00,1763.34,1786.57,1747.55,1750.97,803236
20/11/2022 00:00,1751.15,1761.24,1727.31,1754.65,602710
27/11/2022 00:00,1754.28,1804.52,1739.63,1797.98,804209
04/12/2022 00:00,1795.99,1810.01,1765.85,1797.46,705342
11/12/2022 00:00,1796.94,1824.52,1773.75,1793.1,768627
18/12/2022 00:00,1792.62,1823.84,1783.79,1798.51,686942
25/12/2022 00:00,1800.08,1833.63,1797.04,1824.2,418454
01/01/2023 00:00,1826.57,1869.87,1823.52,1866.03,590203
08/01/2023 00:00,1867.72,1921.89,1866.44,1920.29,721452
15/01/2023 00:00,1919,1937.54,1896.59,1925.92,702635
22/01/2023 00:00,1925.87,1949.09,1911.4,1928.3,697009
29/01/2023 00:00,1927.19,1959.68,1861.44,1865.81,846902
05/02/2023 00:00,1862.02,1890.31,1852.8,1865.35,696549
12/02/2023 00:00,1864.68,1870.66,1818.9,1842.54,651492
19/02/2023 00:00,1840.89,1847.48,1808.93,1810.82,588820
26/02/2023 00:00,1812.62,1856.32,1804.69,1855.3,584208
05/03/2023 00:00,1854.2,1870.18,1809.41,1867.15,680068
12/03/2023 00:00,1886.16,1988.17,1871.55,1988.17,1026692
19/03/2023 00:00,1986.7,2009.8,1934.27,1978.81,861257
26/03/2023 00:00,1977.94,1987.63,1944.04,1969.41,610685
02/04/2023 00:00,1967.06,2032.26,1949.76,2007.32,547435
09/04/2023 00:00,1997.3,2048.67,1981.72,2004.42,718766
16/04/2023 00:00,1999.29,2015.05,1969.18,1982.84,731626
23/04/2023 00:00,1982.38,2009.43,1974.13,1989.55,823616
30/04/2023 00:00,1989.54,2066.81,1977.09,2016.54,859289
07/05/2023 00:00,2017.12,2048.18,2000.89,2010.91,720579
14/05/2023 00:00,2008.04,2022.21,1951.98,1977.5,627079
21/05/2023 00:00,1977.99,1985.29,1936.76,1946.72,636757
28/05/2023 00:00,1942.84,1983.48,1932.05,1947.62,566615
04/06/2023 00:00,1947.68,1973.1,1938.13,1960.46,573758
11/06/2023 00:00,1960.21,1971.13,1924.7,1957.51,633824
18/06/2023 00:00,1957.62,1958.76,1909.99,1920.53,537883
25/06/2023 00:00,1925.15,1933.36,1892.95,1919.17,712067
02/07/2023 00:00,1918.6,1935.05,1902.59,1925.31,624977
09/07/2023 00:00,1924.76,1963.78,1912.69,1955.45,770724
16/07/2023 00:00,1955.47,1987.43,1945.77,1961.84,711220
23/07/2023 00:00,1962.41,1982.23,1942.57,1959.15,728247
30/07/2023 00:00,1959.58,1972.39,1925.53,1942.65,675597
06/08/2023 00:00,1942.75,1946.72,1910.77,1913.62,551713
13/08/2023 00:00,1913.35,1916.24,1885.04,1889.37,617583
20/08/2023 00:00,1889.66,1923.4,1884.81,1914.21,622379
27/08/2023 00:00,1914.86,1953.02,1912.77,1939.85,566074
03/09/2023 00:00,1940.41,1946.28,1915.31,1919.13,471900
10/09/2023 00:00,1920.36,1930.77,1901.02,1923.68,603394
17/09/2023 00:00,1923.42,1947.42,1913.9,1925.25,561848
24/09/2023 00:00,1925.07,1927.22,1846.33,1848.74,596300
01/10/2023 00:00,1846.45,1848.93,1810.47,1831.84,892818
08/10/2023 00:00,1847.52,1932.41,1844.23,1932.41,956661
15/10/2023 00:00,1925.94,1997.21,1908.2,1980.9,914379
22/10/2023 00:00,1968.07,2009.47,1953.49,2005.91,876047
29/10/2023 00:00,2004.9,2007.93,1969.88,1992.52,865083
05/11/2023 00:00,1992.43,1993.16,1933.06,1938.62,788564
12/11/2023 00:00,1938.42,1993.36,1931.6,1980.56,674287
19/11/2023 00:00,1978.11,2007.53,1965.4,2002.33,551592
26/11/2023 00:00,2002.12,2075.36,2000.38,2071.63,397807
03/12/2023 00:00,2072.6,2144.77,1994.58,2004.04,356808
10/12/2023 00:00,2005.36,2047.9,1973,2019.02,583557
17/12/2023 00:00,2019.56,2070.7,2015.86,2052.75,1615509
24/12/2023 00:00,2053.23,2088.51,2052.97,2062.67,1113061
31/12/2023 00:00,2062.91,2078.99,2024.34,2045.3,1622256
07/01/2024 00:00,2044.65,2062.33,2013.16,2048.81,2264527
14/01/2024 00:00,2047.9,2058.66,2001.68,2029.33,2105863
21/01/2024 00:00,2029.7,2037.98,2009.47,2018.49,2199878
28/01/2024 00:00,2024.05,2065.54,2019.18,2039.57,2244897
04/02/2024 00:00,2040.01,2044.64,2014.76,2024.26,1022019
11/02/2024 00:00,2024.15,2031.91,1984.03,2013.18,711573
18/02/2024 00:00,2014.69,2041.39,2011.38,2035.52,671589
25/02/2024 00:00,2034.32,2088.38,2024.38,2083.26,707541
03/03/2024 00:00,2082.51,2195.22,2079.37,2178.55,816497
10/03/2024 00:00,2181.21,2189.03,2150.5,2155.82,425337
17/03/2024 00:00,2153.03,2222.65,2146.08,2165.27,350261
24/03/2024 00:00,2165.9,2236.18,2163.5,2232.88,280634
31/03/2024 00:00,2241.94,2330.44,2228.51,2329.28,446098
07/04/2024 00:00,2324.16,2431.44,2302.9,2344.22,546458
14/04/2024 00:00,2355.6,2417.83,2323.98,2390.63,599897
21/04/2024 00:00,2389.8,2389.8,2291.39,2337.78,368261
28/04/2024 00:00,2337.22,2346.63,2277.38,2301.67,350204
05/05/2024 00:00,2304.58,2378.32,2291.79,2360.47,351937
12/05/2024 00:00,2361.9,2422.74,2332.11,2413.84,367250
19/05/2024 00:00,2418.33,2450.07,2325.46,2333.86,462366
26/05/2024 00:00,2338.09,2364.14,2320.6,2327.46,413597
02/06/2024 00:00,2328.79,2387.69,2286.71,2293.38,436326
09/06/2024 00:00,2294.71,2341.66,2287.78,2332.6,412299
16/06/2024 00:00,2331.47,2368.73,2306.64,2321.42,367545
23/06/2024 00:00,2321.36,2339.75,2293.67,2326.4,384255
30/06/2024 00:00,2326.9,2392.91,2318.5,2391.06,341699
07/07/2024 00:00,2386.21,2424.54,2349.29,2411.59,377795
14/07/2024 00:00,2411.51,2483.54,2393.71,2400.3,710986
21/07/2024 00:00,2401.79,2431.9,2352.97,2387.34,939704
28/07/2024 00:00,2388.7,2477.61,2369.54,2441.38,1032009
04/08/2024 00:00,2444.61,2458.65,2364.06,2431.07,1153554
11/08/2024 00:00,2429.26,2509.61,2423.75,2507.46,865760
18/08/2024 00:00,2508.41,2531.53,2470.73,2511.93,900910
25/08/2024 00:00,2511.56,2528.9,2493.55,2503.35,854295
01/09/2024 00:00,2502.34,2529.08,2471.77,2497.61,834491
08/09/2024 00:00,2497.09,2585.92,2485.44,2578.38,909868
15/09/2024 00:00,2579.39,2625.65,2546.71,2622.26,918488
22/09/2024 00:00,2619.54,2685.44,2613.78,2659.81,985079
29/09/2024 00:00,2658.25,2673.04,2624.59,2653.57,869151
06/10/2024 00:00,2649.56,2661.4,2604.77,2656.38,438972
13/10/2024 00:00,2655.69,2722.6,2638.33,2721.91,421809
20/10/2024 00:00,2720.16,2758.47,2708.78,2747.39,448551
27/10/2024 00:00,2732.7,2790.09,2724.72,2735.84,458746
03/11/2024 00:00,2738.13,2749.88,2643.33,2684.15,507503
10/11/2024 00:00,2682.96,2686.22,2536.77,2561.78,505351
17/11/2024 00:00,2564.94,2715.5,2564.79,2715.34,484850
24/11/2024 00:00,2692.25,2721.31,2604.86,2650.33,445728
01/12/2024 00:00,2652.01,2656.99,2612.32,2632.67,467542
08/12/2024 00:00,2643.88,2726.15,2627.57,2648.8,485389
15/12/2024 00:00,2650.72,2664.23,2582.92,2623.03,414179
22/12/2024 00:00,2620.78,2639.14,2608.13,2621.54,267610
29/12/2024 00:00,2621.03,2665.15,2596.09,2639.98,297127
05/01/2025 00:00,2641.45,2698.01,2614.45,2688.96,391915
12/01/2025 00:00,2690.19,2724.76,2656.84,2702.92,430386
19/01/2025 00:00,2703.09,2785.94,2689.26,2771.48,420488
26/01/2025 00:00,2769.76,2817.23,2730.48,2798.47,441166
02/02/2025 00:00,2804.21,2886.68,2772.17,2861.3,471643
09/02/2025 00:00,2857.21,2942.58,2854.81,2882.5,471258
16/02/2025 00:00,2883.13,2954.91,2877.6,2935.89,394675
23/02/2025 00:00,2934.65,2956.18,2832.57,2859.06,455733
02/03/2025 00:00,2857.88,2930.33,2857.88,2911.94,468375
09/03/2025 00:00,2912.72,3004.85,2880.26,2986.24,380456
16/03/2025 00:00,2983.84,3057.26,2982.22,3023.22,355189
30/03/2025 00:00,3123.22,3167.73,3015.78,3038.2,359243
27/04/2025 00:00,3324.7,3352.94,3201.93,3240.12,3205026
04/05/2025 00:00,3238.79,3438.13,3237.35,3323.96,2773013
11/05/2025 00:00,3287.39,3306.61,3120.68,3201.69,2787281
18/05/2025 00:00,3218.59,3365.86,3204.56,3357.37,2586179
25/05/2025 00:00,3356.03,3356.75,3245.43,3288.93,2164913
01/06/2025 00:00,3298.76,3403.42,3295.75,3309.88,2982082
08/06/2025 00:00,3311.68,3446.74,3293.46,3432.04,3816999
15/06/2025 00:00,3451.76,3452.4,3340.29,3368.05,3408256
22/06/2025 00:00,3391.32,3396.37,3255.74,3273.72,3449680
29/06/2025 00:00,3272.43,3365.68,3247.88,3334.92,2751737
06/07/2025 00:00,3333.93,3368.65,3282.64,3355.58,3370843
13/07/2025 00:00,3364.09,3377.5,3309.81,3349.65,3323871
20/07/2025 00:00,3349.14,3438.83,3324.94,3337,3286760
27/07/2025 00:00,3319.2,3363.39,3268.06,3362.76,3282775
03/08/2025 00:00,3363.49,3408.08,3344.99,3398.35,4537325
10/08/2025 00:00,3398.09,3405.07,3329.73,3335.6,3260733
17/08/2025 00:00,3336.46,3378.72,3311.39,3371.72,2328976
24/08/2025 00:00,3370.78,3453.81,3351.21,3447.3,2828057
31/08/2025 00:00,3449.18,3600.04,3436.99,3585.74,3037179
07/09/2025 00:00,3580.98,3674.17,3578.15,3642.78,1938394
14/09/2025 00:00,3643.24,3707.38,3626.56,3684.92,1918991
21/09/2025 00:00,3685.28,3791.08,3683.64,3760.1,2121620
28/09/2025 00:00,3759.47,3875.57,3756.58,3865.88,1064700